{"stats":{"minecraft:crafted":{"minecraft:oak_planks":44,"minecraft:crafting_table":1,"minecraft:stick":4,"minecraft:wooden_axe":1},"minecraft:picked_up":{"minecraft:leather":1,"minecraft:wheat_seeds":3,"minecraft:dandelion":14,"minecraft:beef":1,"minecraft:oak_log":11,"minecraft:mutton":2,"minecraft:dirt":1,"minecraft:white_wool":1},"minecraft:dropped":{"minecraft:wheat_seeds":1,"minecraft:dandelion":2},"minecraft:custom":{"minecraft:time_since_rest":3836,"minecraft:crouch_one_cm":299,"minecraft:play_time":3836,"minecraft:sprint_one_cm":9454,"minecraft:damage_taken":130,"minecraft:walk_one_cm":6588,"minecraft:sneak_time":98,"minecraft:mob_kills":2,"minecraft:drop":3,"minecraft:jump":118,"minecraft:damage_dealt":180,"minecraft:leave_game":1,"minecraft:time_since_death":3836,"minecraft:total_world_time":3836,"minecraft:interact_with_crafting_table":2,"minecraft:fall_one_cm":7755,"minecraft:fly_one_cm":23111},"minecraft:used":{"minecraft:white_wool":1,"minecraft:wooden_axe":7,"minecraft:dirt":1,"minecraft:crafting_table":1,"minecraft:oak_planks":35,"minecraft:dandelion":1},"minecraft:killed":{"minecraft:sheep":1,"minecraft:cow":1},"minecraft:mined":{"minecraft:grass":21,"minecraft:grass_block":1,"minecraft:oak_log":11,"minecraft:dandelion":16}},"DataVersion":3465}