{"stats":{"minecraft:custom":{"minecraft:time_since_rest":5374,"minecraft:sprint_one_cm":35087,"minecraft:damage_absorbed":161,"minecraft:damage_taken":947,"minecraft:walk_one_cm":22071,"minecraft:mob_kills":15,"minecraft:damage_dealt":1684,"minecraft:interact_with_crafting_table":1,"minecraft:fly_one_cm":66438,"minecraft:crouch_one_cm":1705,"minecraft:play_time":9950,"minecraft:deaths":2,"minecraft:sneak_time":425,"minecraft:jump":389,"minecraft:leave_game":2,"minecraft:time_since_death":5335,"minecraft:damage_resisted":109,"minecraft:total_world_time":9950,"minecraft:fall_one_cm":24257},"minecraft:crafted":{"minecraft:crafting_table":1,"minecraft:stick":4,"minecraft:wooden_axe":1,"minecraft:birch_planks":12},"minecraft:mined":{"minecraft:glass_pane":1,"minecraft:birch_log":3,"minecraft:birch_leaves":4,"minecraft:dandelion":19,"minecraft:grass":15,"minecraft:grass_block":3},"minecraft:killed":{"minecraft:sheep":2,"minecraft:skeleton":1,"minecraft:zombie":3,"minecraft:pig":1,"minecraft:spider":3,"minecraft:creeper":3,"minecraft:cow":1},"minecraft:used":{"minecraft:creeper_spawn_egg":11,"minecraft:wooden_axe":21,"minecraft:rotten_flesh":2,"minecraft:diamond_sword":3,"minecraft:dirt":56,"minecraft:bow":22,"minecraft:crafting_table":1,"minecraft:dandelion":20,"minecraft:enchanted_golden_apple":2},"minecraft:picked_up":{"minecraft:birch_log":3,"minecraft:dandelion":23,"minecraft:porkchop":1,"minecraft:gunpowder":1,"minecraft:dirt":58,"minecraft:string":6,"minecraft:bone":2,"minecraft:arrow":1,"minecraft:rotten_flesh":3,"minecraft:wheat_seeds":3,"minecraft:beef":2,"minecraft:light_gray_wool":1,"minecraft:mutton":1,"minecraft:white_wool":1}},"DataVersion":3465}